workload,method,final_native_cycles,predicted_native_winner_cycles,search_wall_seconds,candidate_attempts,unique_legal_candidates,canonical_duplicates,objective_evaluations,objective_cache_hits,predictor_feature_queries,predictor_model_inferences,predictor_cache_hits,search_mapper_calls,validation_task_mapper_calls,validation_program_evaluations,validation_wall_seconds,phase_a_objective_calls,phase_b_objective_calls,phase_a_wall_seconds,phase_b_wall_seconds,numeric_comparisons
gcn,joint,79801,82822,12410.217610359192,231295,4096,1768,4096,1768,139536,137424,137424,0,54,7,18.14811732294038,,,,,4227440
gcn,sequential-50,85363,86773,3499.277693748474,22580,2053,780,2053,778,137368,59848,59848,0,53,7,23.16250226041302,5,2048,140.04,3354.579,4227440
gcn,sequential-25,82902,84224,6243.3241810798645,29096,3077,1318,3077,1316,181648,59848,59848,0,52,7,28.80574278300628,5,3072,145.652,6091.941,4227440
gcn,sequential-75,88559,89711,1631.8577785491943,15366,1029,303,1029,301,75272,52120,52120,0,50,7,21.883855713531375,5,1024,198.255,1429.765,4227440
harris,joint,480727,500651,3368.4769489765167,133025,4096,2398,4096,2398,786504,786504,786504,0,58,7,18.10586672462523,,,,,6193152
harris,sequential-50,546937,565157,2588.1532578468323,64998,4096,1274,4096,1275,545296,545296,545296,0,51,7,18.21556682512164,2048,2048,1674.94,906.812,6193152
harris,sequential-25,614196,643576,1708.837563753128,35630,4096,1131,4096,1132,315152,315152,315152,0,48,7,25.150073585100472,1024,3072,678.326,1025.892,6193152
harris,sequential-75,490811,512820,3613.0550894737244,98443,4096,2272,4096,2273,827576,816776,816776,0,53,7,19.878685080446303,3072,1024,2914.974,687.899,6193152
llama,joint,479470611,430562651,6414.471873998642,129602,4096,3163,4096,3163,288776,282360,282360,0,59,7,16.645108914002776,,,,,917504
llama,sequential-50,435570204,375640343,3101.975802898407,59120,4096,2422,4096,2423,286392,286392,286392,0,43,7,15.84881906863302,2048,2048,1578.302,1518.158,917504
llama,sequential-25,482735635,418727629,1833.2873911857605,40043,4096,2182,4096,2183,133400,133400,133400,0,37,7,12.300872912164778,1024,3072,596.329,1233.544,917504
llama,sequential-75,462153231,387537599,5646.019681692123,158757,4096,4454,4096,4455,471696,471696,471696,0,46,7,24.167014599777758,3072,1024,4234.964,1400.844,917504
lu,joint,9798,9311,1834.9297626018524,82943,4096,1894,4096,1894,68256,68256,68256,0,44,7,25.881237329449505,,,,,28175
lu,sequential-50,9094,7970,950.4677445888519,65424,2262,1896,2262,1897,24832,24832,24832,0,33,7,21.552394593134522,214,2048,350.278,597.028,28175
lu,sequential-25,9094,7970,1445.5003476142883,70981,3286,2551,3286,2552,24832,24832,24832,0,31,7,23.20525251980871,214,3072,359.217,1082.596,28175
lu,sequential-75,9971,9682,660.8779563903809,60131,1238,1440,1238,1441,24832,24832,24832,0,34,7,13.056735428515822,214,1024,399.512,258.549,28175
radar,joint,1307352,1317911,1406.5157444477081,126726,4096,1373,4096,1373,168,168,168,0,31,7,6.716562316287309,,,,,1819328
radar,sequential-50,1312036,1321186,359.65905809402466,11893,2050,556,2050,557,168,168,168,0,29,7,13.413361305370927,2,2048,16.263,342.098,1819328
radar,sequential-25,1309399,1317869,501.34187412261963,16760,3074,1076,3074,1077,168,168,168,0,29,7,13.120987848378718,2,3072,17.601,482.261,1819328
radar,sequential-75,1313715,1326173,156.74503707885742,7099,1026,169,1026,170,168,168,168,0,28,7,9.257345566060394,2,1024,16.677,139.182,1819328
